text,label,notes
"Most embedded code is security / safety critical, so it gets looked at by auditors. So, then. Also, when something invariably doesn’t work (maybe I told Claude “delay 50 ns after each packet per the spec sheet”, and typed “500 ns”), I still have to go down to the level of the code sometimes. I’m sure the counter argument is “well then that just means your testing wasn’t good enough”. Sure, but I’ve never seen any project with hardware in the loop where the testing was good enough 100% of the time. FWIW I hover around 80-90% code AI written these days. I still look at every line of code it makes.",personal_experience,Personal work experience with AI code
"You can own multiple guns and store them at your residence in Denmark. I know a couple of people who do so, admittedly both ex-military. This isn't limited to shotguns or bolt action rifles for hunting. You can own up to six handguns.",personal_experience,User corrected label
"33 cents? That's insane... I set up an API cost meter on my Claude Code status line and it frequently runs into the hundreds, sometimes thousands of dollars.",personal_experience,Personal use/cost experience
"I’ll admit, I don’t have perfect pitch. I do however have 2 friends with perfect pitch and a teacher with it. One of my friends says it is useless (they also play an instrument). The other 2 find that they are the exception to the “useless” rule. The other friend is training to be a composer and the teacher teaches students relative pitch with it. I’m sure if you used it properly it would indeed help with improv and learning. However, I don’t understand how it would help you play in tune. I feel like that’s more of relative pitch (which is what most professional musicians use). I also play a fretless instrument and I feel like playing in tune is more of muscle memory and subtly adjusting your fingers by the millimeter, and less about having perfect pitch. The areas between using perfect and relative pitch blurs a little though (which I think you might be confusing(?)). For example, you can go like: Wham! “Oh that’s a little too high” and adjust (relative pitch) Rather then: Wham! “Hmmmmmmm, that’s an an E not an F” (perfect pitch) Fun fact: Itzhak Perlman promotes relative pitch and knowing the distance between notes rather than perfect pitch.",personal_experience,Uses personal music experience
"My bubble was obviously technically superior to your bubble. :) And maybe it was 5/10 years earlier? Not sure. My uni days were the very early 1980s. Our university literally still made 1st years use marked sense (not even punch) cards. I never ever liked C++, it always seemed to be tacked on to the side of C (literally at the start). I liked the ""better C"" bits, but the ""++"" bits and the magic under the covers and then later the added layer of templates just seemed ridiculously complicated especially because we were still in the days of inheritance and ""is-a"" instead of ""has-a"" objects. I loathed all the overloading that suddenly << meant something completely different when doing I/O and weird multiple function definitions to provide the generics. Much preferred the Objective C idea of messages, was much more what I understood OOP to be after Smalltalk. But by then I'd made the leap to being an ""architect"" and got to pontificate from on high and languages became semi-irrelevant.",personal_experience,Personal programming history
I have been in fairly senior roles at large corporates. The amount of money that is squandered without serious evaluation for something managers „want“ is mind boggling. I have often wondered whether corporate budgets are actually investor fraud in disguise.,personal_experience,Personal corporate experience
"Intresting, I have a weak eye so rely less on stereo; these pop as much more 3d then a photo.",personal_experience,Personal visual experience
Yes and no. Weapons are normal here too.,personal_experience,Local lived context
"Thanks! I wish modern JavaScript were a little kinder to it, but I still use it myself for basic tasks.",personal_experience,Personal use experience
"Yes, my poor 1.33GHz iBook G4 really drags in it now, but it suffices for simple things and grabbing files for the tasks it still does.",personal_experience,Personal device use
"We forgot to get another vaccine shot. On the form, they ask if we want Gardasil. We declined. Then they took our daughter to administer the shots. They brought her back and started to apologize: ""We're sorry, we didn't see that you declined, and we gave her the shot anyway."" We could've sued them, especially with the adverse effects, but we're coming from a culture that's not overly litigious. And this is not the first time doctors in leading Southern California medical groups have completely ignored what's on the form! My son was going to have a minor surgery, so they asked me: ""Oh, we give an anesthetic before we actually administer the actual one, because some kids are afraid of shots."" I told them he's one of those kids and always liked, actually, even watching when they administer the shot, and never cries. This is given he's already on IV! Another doctor came a minute later and started changing the IV. I asked him, ""What are you doing?"" He said he was administering the pre-anesthetic. And I said that we declined it on the form, but it was too late. Then another doctor came and started to apologize - they don't read, they assume what people want! And this was at CHOC, the most prestigious children's hospital! Of course, as I said, we didn't sue. So, I know that you should double-check and ask exactly what they are doing. Unfortunately, you can do this only if you're present. And you should always require them to repeat what they plan to do to your kids if they are taking them away from you. And... you should sue, as commercial entities, just like people, learn best when it hurts.",personal_experience,
Maybe. But I had a landlord triple my rent in NYC because he wanted to sell the unit. I didn’t want to move but had no option.,personal_experience,
"Yeah I know about tweakcc, even had some custom prompts committed to my dotfiles repository for a while. For some reason it wasn't working for me, don't remember why. At first I used this shell script here: https://gist.github.com/roman01la/483d1db15043018096ac3babf5... Someone posted it on HN on the Opus degradation thread: https://news.ycombinator.com/item?id=47660925 I just kept using it to fix the prompts for a long time. Eventually I asked Claude to port it to Python to make it easier to maintain. Now every month or so Claude dissects the Claude Code binary and integrates the script with the newest version. https://github.com/matheusmoreira/.files/blob/master/%7E/.lo...",personal_experience,
"There's some level where it stops, but that's after you've got 100+ reports. I don't know that I interacted with anybody senior enough to avoid this process in the time I worked there.",personal_experience,
"I had a look at the top submissions on the /r/wigglegrams subreddit [0]. It seems that some (including some of those featured in the article) are the more prototypical stereoscopic wigglegram, whereas others are more a stylistic effect. [0]: https://www.reddit.com/r/wigglegrams/top/?screen_view_count=...",personal_experience,
"They would quantize the model. That'd make it cheaper to run, and have slightly worse output but it would still generate outputs with a similar feel, derived from a compressed version of the same knowledge base etc. They wouldn't even need to do this uniformly, quantized versions of the model could be routed only a subset of the requests. They could do this to nerf the old model, or more likely just to give themselves more hardware to run the new one on by handling more requests on less hardware. Or to handle increased request volume as traffic ramps up faster than hardware can be provisioned. Playing with local models at various quants, the degradation can be hard to spot. Sometimes it's only noticeable in aggregate. And even then, you never really know if you just got unlucky with a bad response due to RNG. I've had Opus 4.6 fall into some weirdly incoherent loops that I rarely see from even Sonnet, that felt like the kind of thing I got frequently with Qwen3.5 9B on local. And the above applies... Was that just bad RNG? Or was my request to Opus routed to some lower quality variant? There's no great way for me to tell for any given request, nor any way to guarantee Anthropic _didn't_ do that.",technews_explanation,Reviewed label correction
I was thinking of the police officers. Why risk your life for such a petty crime?,personal_experience,
"That sounds like a the ear training I have done but even after a couple of decades I don't have any real ability to tell the difference between intervals. For example, I listen to a musical interval and try singing up the major scale to match it but everything matches a fifth (in my internal melody). More recently I found the Sonofield app an interesting idea for learning the intervals but wasn't able to gain any consistency. I remember many years ago in my music lessons being shocked that some people can hear multiple notes played simultaneously. I've never found much material on learning this skill.",personal_experience,
"I have ADHD and normally excessive movement on my monitor disturbs me, but this didn't bring even a little discomfort. I didn't get addicted to them as well.",personal_experience,
"I genuinely haven’t thought about zu/ji here (conceded!) It’s not relevant to conjugation though. In general, I find your attitude a bit condescending. This is what I wrote about my choice: > note i could also have used a different romanization that renders し as ""si"", つ as ""tu"", and ち as ""ti"" for this article. i decided to not because everyone else uses romaji, and once you understand this point once, you shouldn't have a difficulty doing this in your head My main mistake seems to be meaning “[Hepburn] romaji” by writing “romaji”. I was obviously aware of other systems because that is what the sentence says but I thought it’s acceptable to refer to Hepburn as just “romaji” as a sort of the default one. Maybe that’s wrong. Other than this terminology nit, I think I’ve made myself quite clear there. I genuinely don’t think it’s a big deal. Maybe I overestimate my readers’ intelligence but I don’t find this difficult to live with at all once you get it. Roman numerals is a funny parallel but it doesn’t hold very well. The difficulty of using Hepburn is O(1) shortcut: for conjugation, you only have to “remember” three special cases and they’re always applied just-in-time. It’s just substitutions — and are arguably inherent phonetically. Arithmetic with Roman numerals requires many stacked adjustments where you have to match pairs of things. And lack of orders really screws with ability to do multiplication. This just isn’t an intellectually honest comparison. Re: your last point I actually kind of agree. I’m that annoying student who likes to un-extrapolate backwards from examples to the rules, knowing which gives me a warm fuzzy feeling, after which I can go back to examples. My article is for people like me. Maybe there’s a few more of them.",personal_experience,
"SaaS is back? I anger coded an open Canva as I'm fed up of predatory ""pay to print, or free for guantlet"" for my daughter to use it. And I did it—between two weightlifting sets. I aint even gonna open source it but someone will.",personal_experience,
"Yeah, I was trying to parse their ""defense policy"" https://sakana.ai/company-info/defense-policy.html?lang=en But it seems like lot of words to say we have no policy and we'll just go along with the powers that be. Like they rely on deferring to the Pacifist constitution, which the current administration if moving mountains to try and change. And when it it you can bet they will not want to give up their defense contracts.",opinion_argument,Reviewed label correction
"Interesting, I was wondering where catching these errors would fall between 'silently wrong on certain inputs' to 'how did this ever work!?'",personal_experience,
"It happened during college. I had a weird relationship with Math growing up; I alternated between getting very high grades and terrible grades depending on the teacher. I didn't like all the notations and conventions of Math and the way it was taught, but I enjoyed it conceptually. It had ended badly in high school as I failed advanced Math though I did quite well in all my other subjects so I got into a good Software Engineering degree at a top 50 university for engineering globally anyway. But early in college, it occurred to me that I didn't understand Math concepts as intuitively as I understood programming concepts so I challenged myself to revisit everything from the beginning including numbers, addition, subtraction, fractions, roots, powers, probabilities, derivatives, integrals, vectors, matrices, calculus... I had to free myself from thinking of Math as symbols on a piece of paper and think of it as being about actual quantities, transformations and combinations. I needed a completely new way to think about it and visualize every single step. When I was practicing calculus, I would stop at each step and try to visualize the equation. For example, when finding the 3D plane perpendicular to a point on a 3D curve, I would put effort into visualizing what happened to the equations across different dimensions at each step when I found the partial derivatives and combined them to get the 3D plane vectors. My Math grades at university were quite good. I passed all the Math courses with ease and got several distinctions even.",personal_experience,
"I'm confused; did you reply on the wrong thread, or am I misunderstanding something? I was merely suggesting it'd be good to mention Boost on your website and how well it works with Fil-C. This suggestion was not specifically regarding anything called assembly; it was just a general comment. I merely mentioned it because you were here.",personal_experience,
Working on a project connected through multiple repos I have a project level MD file to explain each repo. Then I let Claude create a hook it self that at the end of each conversation it starts a hook to add important stuff automatically to memory if relevant. That’s it…,personal_experience,
"I'm the OP—just chiming in, I can just hardly live off the rental income I make, but its a lot less than my salary as a senior SDE. Yes what I am is not analogous to someone renting out a few extra rooms. I just think my experience is analogous to that of a small time landlord in that I know each tenant very well and we have good relationships—and I manually handle each part of their tenant experience. To add more detail, I share a bedroom in a 25 bedroom house that I own, which accounts for a bit more than half of my tenants.",personal_experience,Difficult: personal experience vs opinion; final label follows main purpose.
"I work in Europe, sometimes with sensitive data, and LLMs weren’t an exception a few months ago. Maybe it was funny to you, but designing data platforms that respect GDPR and involve LLMs is a thing.",personal_experience,
"Actually let me just try to explain my pedagogical approach and philosophy here. Maybe that makes it clearer. I assume no prerequisites at first. So my reader has never seen a kana table and doesn’t know which syllables exist. I choose to teach conjugation first. That’s an unorthodox choice but I like it! That’s what I set out to do. So we get far enough until it breaks down. And it breaks down when a rule (which worked so far) doesn’t help with “s” because saying “si” would sound wrong. That’s the moment I use to teach kana table and its importance. This “you made a mistake” is a pedagogical vehicle for introducing kana rows. And we go over the exact ones that you’d make a mistake with. So each special case is walked through. At this point we could discard Hepburn but I choose to keep going because if you know special cases, there’s no issue. And at some point you’ll learn kana anyway. So that’s how I chose to layer it. Maybe it’s a bit unholy but I like it. It is definitely self-consistent.",personal_experience,
"I don't think we will. The open model labs are too resource constrained to approach Fable or even Opus on the general case and I don't see that changing within a year. Right now, due to profound shortfalls in both data and hardware compared to the US labs, the OSS models are IMO basically technology demonstrators that in practise are even more jagged than the US labs' efforts. The high points of the jaggedness are close - but number of happy paths is many times fewer, and their behaviour inside the harness is far less refined. Barring some incredible breakthrough I don't think that is changing without a much higher level of resources - which seems impossible given the current hardware environment. I have no reason to think that Anthropic or OpenAI are in possession of some secret sauce that the Chinese labs can't duplicate given the right resources, but the fact remains that absent those resources they'll remain behind. Barring some incredible bombshell reveal from Huawei I don't think this asymmetry resolves in a year. In three years it may well be a different story.",opinion_argument,Reviewed label correction
"Maybe I wasn't clear: Other formulations that reveal dualities, etc... at the cost of obscuring the fundamental covariance deserve to be treated as secondary.",personal_experience,
"I often take a very short video, under 5s, rather than a picture. Even 1-2 seconds captures dimension and sound in a different way than a still picture. I’ve had people say it’s strange but they work well for me.",personal_experience,
"I cancelled my claude pro a couple weeks back. Had some doubts over it, but not anymore",personal_experience,
"I currently live in an HDB property in Singapore. It's great. I'm originally from the Netherlands, which traditionally had a strong social housing sector: regions and cities would have their own housing corporations ('woningbouwcorporaties') tasked with building affordable housing. Those corporations were given government support after 1950 to help with the post-WW2 housing shortage, but were semi-privatized in the mid-90s, and in 2015 their scope was strongly curtailed. It would be reductive to say that this privatization was the sole cause of the current housing crisis affecting the Netherlands -- rents and housing prices have also increased a lot in Singapore since Covid -- but it probably didn't help.",personal_experience,
"I am absolutely pro local and true open source models. Personally I haven't seen any productivity gain since Opus 4.5 times. But: I can't fully get behind the opinion that (so called) ""open source models"" are simply superior and will be in the future, because when I asked some models who they are, they answered with ""I am Claude from Anthropic"", which could mean they have been trained by exfiltrating Claude. I have NO moral objection to this, as Anthropic and ""Open""""AI"".also trained their models on anything they could get their hands on. It's more about the question: can and will these models be updated, even if Anthropic et al fail. Who's gonna pay for training then? What's their incentive? Have we reached a plateau?",personal_experience,
"The online spaces can be really discouraging, true—but it can also be really discouraging to be in a classroom or in a foreign country, struggling to use a language you barely know. Meanwhile, there are also a lot of ways to spend effort trying to learn a language without gaining mastery. Truly frustrating. If you want some decent level of fluency then there is something you have to do, which is to communicate with other people in context and with specific goals in mind (get information, give information, make a request, etc). Whatever you can do to arrange for that to happen is probably more valuable than anything you can do online or with books. I personally like to recommend finding classes at a local college. If you can’t get that, then I think the next best thing is reading and listening. Drills are also necessary but you can easily fill your time with drills without advancing your ability to communicate or understand people. There is plenty of research about what is / is not effective when it comes to learning languages so I encourage people to at least take a look at the results of that research rather than just go with whatever people recommend online (I’m just some random person online, I may be no better than the next). AI tools reportedly have a positive effect but they are not nearly as good as human interaction.",personal_experience,
"I even (quite a few years ago) successfully ran an older version of Minecraft on a laptop released in 2003. That had a Radeon 9000 graphics with a whole 32MB of VRAM. And yes, it was playable with IIRC around 20fps, with minimum settings and a performance-tweaking mod (Optifine?). I played it a lot, since that laptop was all I had. Even 0ad (the open source RTS game) was playable on that. That was maybe in 2013 or something like that, so the machine was ""only"" 10 years old.",personal_experience,
"I don’t mind duplication at all. I mind undiscoverable duplication. But if I have an interface and three subclasses with duplicated or almost duplicated code, this is quite easy to find. That’s much nicer than an abstract base class where only some children override the methods, because now I need to check which ones actually do.",personal_experience,
"The phrase 'widely viewed' in the articles initial premise; ""work which is now widely viewed as the source of the unintentional lab leak that sparked the pandemic"" is doing some pretty heavy lifting. Widely viewed by whom? I have seen no supporting evidence that the professional scientific community, nor the international virus research community has anything approaching a large minority of consensus about this premise. Widely viewed has no need to be based on any factual condition; many, many things which are widely viewed by the general population are patently absurd and factually disprovable - such as the idea that you are likely to win the national lottery if you just keep buying tickets, when the statistical probability of winning is nearly zero regardless of how frequently one plays. A widely held view is, on average, less reliable to a significant factor, than just about anything. The act of the DNI publishing anything, regardless of it's importance or bearing, in terms of ""widely viewed"" puts the ""Intelligence"" part of the official agency name into significant doubtability. Ad-hominem attacks against commentors, labeling them as 'uncurious' is also quite revealing. Is this 'story' a dog whistle that is only meant to reach the attention of the 'curious' but unscientifically reasoning audience? Is the intent of posting links to spurious publications which do not actually present anything more scientifically than to quote vague, unnamed sources such as 'widely viewed' simply an appeal to the uninformable? I think 'widely viewed by the loyal' is more accurate for the audience as interpreted by the poster. stinkbeetle, welcome to my | hide | section, I have no more time for this level of credulity.",opinion_argument,Reviewed label correction
"> My real experience just doesn’t match the benchmarks. That's exactly the problem I have... with Anthropic and ""Open""""AI""",personal_experience,
"Hard to say - since I used it in Beta with free credits, where the usage felt more 'Opus' than 'ChatGPT' but more efficient token wise. Switching models every time is annoying. But their paid plans I'm not sure yet - planning to subscribe and can let you know. Almost no chance it will be as generous as OpenAI though. They just don't have the money :-)",personal_experience,
I’ve had the same experience getting into MTGA recently. If you don’t play the meta its very unlikely you’ll win the higher ranked you become. But this must be the case for all competitive games right? At some point the meta has been figured out and there is no real way to deviate from that.,personal_experience,
I am diagnosed with ADHD and the amount of jumping movement in these is torturous.,personal_experience,
"The percentages, as with 91% of statistics, are made up, but that general asymmetry is why I think this is a perilous time for folks in the middle, still learning judgement and how to scale through others. Experienced folks who know how to describe and articulate through others have a huge opportunity here. I have ultra-quick interns in my laptop, waiting to apply aggressive and slightly presumptuous energy to any and every problem. I also know how to pull them back in and get them to focus that energy (because junior devs were the same). New folks will sink or swim quickly, but they're less expensive and more plastic on average. They're raised in this. We'll see what that does to quality. Deeply technical managers, designers, scientists, program managers, and product managers are now in possession of an incredible power, to be able to craft existence proofs to counteract the couched recalcitrance that engineering orgs have held over their judgment for decades. There's a certain intellectual integrity in this, even if nobody can actually read the code at the rate it's being produced.",opinion_argument,Reviewed label correction
Can you please explain what you mean by distilling learning books and learning from it? Just passing in a chapter and asking the model to help you work through it?,technews_explanation,User confirmed technical question rule
It is exactly the other way round: JSON-LD has largely displaced and superseded RDF/XML in many web applications.,technews_explanation,Factual technical correction
if you have an X server running then maybe you can exploit Xorg/X11's network transparency and run heavier apps on a beefier machine.,technews_explanation,Technical suggestion
"It seems so obvious: How would it know better than it already does? Yet I’ve seen people succeed with „write me a prompt“ prompts. The model makes something up, often it makes sense. They are like plans in that way: It’s not exactly novel knowledge, but it at least encodes it somewhere to make the process verifiable beforehand and a bit more repeatable. I wouldn’t be surprised if it improves performance a little, just like thinking blocks do (every model reasons now).",technews_explanation,Difficult: tech explanation vs opinion; final label follows technical/factual focus.
pinch and zoom doesn't really have to do with hn. All webpages support pinch and zoom. iOS-wide text enlargement isn't always a solution,technews_explanation,Technical/UI explanation
"this. also realize its a complex game with a legit learning curve. you literally cant just drop in to pvp and expect to have fun. and also at least in lobbies with noob in the name its pretty rare for people to be actively hostile to the low os ppl who at least know the basics. but you do have to remember that in the middle of a match nobody has time to type and tell you what to do politely.(its an apm heavy game). try to assume good intent, its not ppl being rude usually.",technews_explanation,Explains game/community behavior
"No, it’s not just unlisted number and address. PET (Danish equivalent of FBI) by administrative decision has had her move out of her Copenhagen apartment and to an undisclosed location due to security concerns. Her and her family are literally under protection due to security concerns and this guy is stalking her kids trying to dox her.",technews_explanation,Factual context/explanation
"I very much like Go's simplicity, but nils are terrible. Pointers carry 3 different intents that are not encoded in the code: - Optionality - Mutability - Memory optimisation I agree with the author that when the pointer is here for mutability or to limit copies you need to check nullity at the outer layer. But for optionality you need to check it each time you access that value. Sometimes the intent is not clear and you are forced to check nullity everywhere. An Option type fixes this but it's not idiomatic Go code and forces to wrap every thing you call",technews_explanation,Technical explanation of Go nil pointers
"Not necessarily. There were some tests last year-ish from hf that showed that simply alternating (randomly) between claude and gpt (whatever their versions were at the time) on a task produced better results than either of them individually. So during a task, the first call was sent to one, then the other and so on. There's also the concept of ""smart routing"" requests based on some heuristics / embeddings. You'd get ""simple"" tasks handled by smaller (cheaper) models and use a bigger model to curate / sort / merge the results. There's a lot of things to try here. I wouldn't personally pay for this service, but I don't think it's ""a joke""...",technews_explanation,Difficult: tech explanation vs opinion; final label follows technical/factual focus.
"Can you explain more? What happened in Detroit in the mid 2010s, how did itreverse course after that?",technews_explanation,
Sure. And also exchanging the data (sharing it) with partners: > Persona ... cross-references your information against trusted third-party databases.,technews_explanation,
"They announced it, they haven't released anything yet. There is not a single real photograph of an actual device on the site. There's a wait list where you can sign up for eventual pre-orders, with an offer that they'll ask you for slightly less money. Also, it's not Commodore but someone playing ""Weekend at Bernie's"" with what's left of the brand. The real Commodore went through bankruptcy and liquidation in 1994.",technews_explanation,
"Well we didn't exactly divvy up either housing or employment rationally, so looking through history without state subsidies and development, we're going to see slums pop up where the jobs are. Or just massive homeless populations I guess. China managed this quite well with the hukou system, which allegedly is going to be loosened over time, but that seems distinctly unlikely to be understood by the powers that be here in the US.",technews_explanation,
"> Nothing is stopping an ISP from implementing it by taking one ip and assigning ports 1-10.000 to customer A, 10.001 - 20.000 to customer B, and so on. Similarly, nothing is stopping an ISP from adding long-lived mappings to an otherwise-random pool which outlive the initial connection. I’m pretty sure that the scarcity of Legacy IP addresses and port numbers (!) is exactly what stops providers from doing that, at least by default. I’ve seen NAT running out of ports way too many times, and shortening of connection tracking lifetime comes with a whole set of hard to spot bugs.",technews_explanation,
If data security is an actual concern I don't think there's a solution other than biting the bullet and self-hosting.,technews_explanation,
"You dont have to give up equality under the law, you just have to accept that there is a lot more that goes into a prosecution than the act. Were witnesses cooperative and credible, what was the intent, what was context. I dont know the specifics of this case. Maybe there was a miscarriage of justice. But just the fact the acts are the same doesn't show that. There is a lot more factors to consider.",technews_explanation,
"Thanks! I’d say that a big part of the motivation for me was to show that this piece is orthogonal to the rest of the language. You can sit down and understand how to conjugate almost any word to almost every suffix in the time it takes to read this. Yes — not fluently — and not “understanding” the language — but it’s wild to me that you can do that at all! It wasn’t obvious to me that this knowledge is orthogonal to everything else. That’s what motivated me to write about it, really. In language courses all of this is often spread out over weeks or months. I thought it would be fun to write something that you can read in one evening and map out almost the entire system. With no prerequisites.",technews_explanation,
There are some simple ways to improve bubble sort. The first is to move in two directions. The second is to first start comparing elements at a large distance than one and reduce the distance on how often element needed to be swapped.,technews_explanation,
"Shadowban and community-driven moderation are different poles. Former is a tool of shallow narcisses, latter is the best moderation strategy possible in the clearnet. Come on, commenter.",technews_explanation,
"https://github.com/jyjblrd/wigglegramLens This is one option, trading ease of use and low cost for lower picture quality and less light.",technews_explanation,
"Your experience as a renter is not the same as the experience of a landlord. If you've been on your first job for a month and you pinky swear to pay rent on time and the next candidate has been on their job for 3 years then I'll take that candidate every time. It's a risk calculation. You are more likely to lose your job than the other candidate, and when you do and can't pay rent anymore and won't leave then that is a very expensive problem for me. The same goes for savings, credit score, and other factors. These are not nearly as fungible as you seem to think.",technews_explanation,
"""Stenbock House, 17 June 2026 – At its second meeting, the Eesti.ai advisory board established on the initiative of Prime Minister Kristen Michal has agreed that Estonia will move forward with the creation of digital identities for AI agents, or ‘AI ID codes’. The head of government backed the board’s proposal to develop a solution that will enable AI to act on behalf of people, companies or organisations within clearly defined limits and in a manner that is both verifiable and auditable."" A blueprint?",technews_explanation,
"Corruption is defined as ""the abuse of entrusted power for private (usually financial) gain"". Lars' case falls under the category of conscientious objection, as he's ideologically motivated. Pretty disgusting to frame that as corruption.",technews_explanation,
"I'm Danish and lars kragh andersen is a bit of a grey zone. He obviously goes over the line, he tried to put GPS trackers on the cars of ministers. He ""stalks"" their families, and dox their children online. He gave an interview on how he'd ignore people carrying a kilo gram of weed when he was a cop because he doesn't agree with the ""war on drugs"". On the flip-side, he's sort of right. I assume that putting a GPS tracker on the car of our minister of justice is illegal, but that same minister (Peter Hummelgaard) is one of the key forces behind anti-encryption here in Europe. Similarily the politicians he stalk and harras are pro Palintir getting access to all our data, so Lars Andersen is sort of giving the politicians a taste of what they want to give everyone. He goes way too far though. Especially if he actually wants change, the way he ""protests"" is directly damaging his own cause, since nobody is going to sympathise with harrassing children. I suspect next time he'll have his cameras running with backup powers though.",technews_explanation,
"Weight quantization, n-expert capping, routing to smaller model, context window truncation, aggressive sampling constraints, lossy speculative decoding and probably more.",technews_explanation,
"Startups are like sports cars nowadays. People think it makes you look cool if you own one. It doesn't matter if it costs a lot of money to maintain. Yachts and sports cars do the same. That's actually like the whole point of it, after all.",technews_explanation,
"I look at everything now as a journey not a destination. When connecting one's work carrier with a bank, one must keep in mind that some other people might have joined the organisation because of quite distinct reasons than we did. So yes there might be a fraud ongoing in our company, but it's not our fault",technews_explanation,
"> Kind of sounds like this ought to be an OS feature. Why can't you drag anything into anything else? It is an OS feature -- IMO macOS has some of the most advanced and widespread drag-and-drop of any consumer operating system. A lot of the conventional wisdom has been lost in the face of SwiftUI, though.",technews_explanation,
"What are you basing your judgment of OP on? He is listing various ways he goes above and beyond for his tenants even though he certainly doesn't have to. Your credit card company doesn't waive your late fees, yet he does when he knows tenants experience hardships. That's pretty awesome. Also, the money doesn't go into a void: Tenants receive housing in return.",technews_explanation,
A private company based in Denmark is seeing a business opportunity on the open electricity market when neighbouring countries are deliberately slow. Because Sweden and Germany and Netherlands all have very high electricity prices due to stalled investments in new energy generation. For example the right-wing government in Sweden. has denied the building of over 340 coastal wind turbines of average 11kW a piece and 40 inland at average 6kW over the past three years because Sweden instead wants to build nuclear reactors. The motivation stated is that this wind power is not needed when nuclear will be built. Meanwhile a location for these new reactors has yet to be chosen.,technews_explanation,
"The Morepork is named after the sound it makes, you can listen to it here, https://www.nzbirdsonline.org.nz/species/morepork. OTOH some other birds named after their call like the Hadada sound nothing like it.",technews_explanation,
What's the community's take on Sovereign AI being funded by states around the world? Why the emphasis on sovereign? Open is good enough. No?,technews_explanation,
"the pricing page doesn't seem to call it out anymore, but the claim on z.ai coding plan used to be 3x the usage of the equivalent-price claude plan. whether that's accurate i don't know, but just based on api pricing GLM is way cheaper.",technews_explanation,
"My issue with it is a missing ""in mice""-style qualifier, but this time it is of the geographical nature. The study is focusing on England: https://www.qmul.ac.uk/news/latest-news/2026/medicine-and-de...",technews_explanation,
"> Managers love the idea that contractors can be fired more easily than employees. Except that this flexibility comes at a cost; people insist on being paid more to have an insecure job. This is true, but it's not the whole of it. In some cases the manager goes to a cabin in the woods to drunkenly shoot at moose with the head of the contracting company. It's a saying that ""the purpose of a system is what it does"". I think it's a pretty dumb saying. But it is often worth talking a look at a system and see if the ""mistakes"" it makes (such as wasting money on contacting companies) aren't in fact desired by some people in the system.",technews_explanation,
"The Sony WH-1000XM series and the Bose QC35 were the standard quality headphones years before AirPods were a thing, and both retailed at $300+.",technews_explanation,
"This is a pretty long blog post covering really not very much. It's not just te/ta, you don't mention anything other than the basic polite/casual, positive/negative, and desiderative. At the very end you point to conditional and causative but say you haven't studied them, and no mention at all of passive, imperative, causative passive, or volitional. And how's that working out for you? I find it very presumptive to propose to ""teach"" what you haven't really learnt. How many people have successfully become remotely close to fluent following this approach? It's 0, right? What makes you think you're ""teaching"" rather than leading people astray?",opinion_argument,User confirmed label
"I never said my only interest is money. At your job, is your only interest money? Do you not feel a social obligation to your coworkers; want to do good for your teammate and your company? Again, talk about a stupid take, as if humans are one dimensional like that. Corporate landlords and hedge funds that own apartment sky rises are probably only in it for the money. You can't say the same thing about every small landlord just because they make a profit.",opinion_argument,Argues a broader claim
"You can only build it for free if you don't value your time. That is good for personal projects and hobbies but which company can build stuff without costs? There was always an expense to generating code. Plus you have to pay for equipment, electricity, subscriptions to stuff for their staff etc. I don't really think they are packaging up ability to think abd selling it back to you. There is nothing stopping you from not using AI and even companies, many firms just dont trust AI and don't use it. But the idea that code could be built of thin air is not true in case of actual businesses.",opinion_argument,Argues claim with reasoning
"The best people to rent to are illegal immigrants, you don’t have to do things like ensure they have livable accommodation as they first sign of complaint you just phone up the authorities and they get kicked out.",opinion_argument,User corrected label
"> might as well be used in the reverse I don't think they would reject that. In fact, you are arguing their point: It's the context that matters, not just the act. Without knowing the context it's not valid to presume a particular scenario. Not sure how that's ""obfuscation"".",opinion_argument,Reasoned disagreement
Maybe he wanted to make sure a lot of copies of the evidence were floating around. Surveillance capitalism is like a free unlimited backup service you can't restore from.,opinion_argument,Interpretive claim with reasoning/sarcasm
"The False Claims Act is one of my favorite things in the world, hands down. Who would have guessed that paying whistleblowers a fraction of the proceeds for high stakes financial crime would be so effective? Well, aside from every economist and financier who ever lived, I mean.",opinion_argument,Claim with supporting reasoning
"If a landlord can charge 1200 instead of 1000 why wouldn’t they? They’ll charge the maximum they can get away with, costs are irrelevant Two landlords, one with a mortgage, one without, will charge the same amount for the same property.",opinion_argument,Economic argument
"I wonder if this explains why I hear about this more from Europeans than from the SF tech scene. California is at-will employment, so you can fire an employee as easily as a contractor. Ironically this makes companies more willing to hire and retain employees, since they're not worried about getting stuck with a bad one — and most employees aren't bad, and are better for the company than contractors.",opinion_argument,Reasoned claim
"> I can just hardly live off the rental income I make, but its a lot less than my salary as a senior SDE there is a large gap between ""can live off of""(my words) and ""a lot less than my salary as a senior SDE""(your words). If you're making more than the median household income which based on the fed numbers is ~84k/yr[1] you've crossed the line past small time landlord. You may be making less than that, but I am going to be surprised if you are with ~55 tenants. [1]https://fred.stlouisfed.org/series/MEHOINUSA646N",opinion_argument,Argument using external evidence
"Lol, yes. He describe himself as an anarcho capitalist so I guess, ideologically, it is government surveillance that he is concerned with and that the free market will sort out the rest.",opinion_argument,Interpretive argument
This happened throughout North Carolina where I live when textiles and furniture manufacturing was off shored. I assure you it wasn’t over building that caused the same outcome. It’s almost like the is an alternate explanation that is the common thread. What could it be?,opinion_argument,Personal reference used for broader argument
"> It's also ok if people lose money on investments. The more likely it is for landlords to lose money on the housing provided, the more rents will go up to account for that risk premium. It's no different than risk-return calculations for any other investments such as stocks.",opinion_argument,Economic argument
"I get that it's a secret location now, but I don't understand in context if this activist is the trigger of the situation. An if so how can this be considered a threat. Stalking falls under the broad category of harassment in my eastern european country. I feel as if this would be a non issue given an official police warning. At most.",opinion_argument,Question framed as argument
">And the corrupt Danish police force being what it is, dropped the investigation. How is that corruption? If the issue was that he was saying he wasn't gonna do his job, and then he quit his job, wouldn't that just rectify the situation?",opinion_argument,Reasoned challenge
America doesn't need new cities. There is an unbelievable amount of space wasted within every city and any urban planner can show you. Development policy in the 40s and 50s was backward and we continue to suffer the consequences today.,opinion_argument,Urban policy argument
National Security! Selling to the government. Getting tax dollars for something the public will not be able to evaluate. All deals are behind closed doors. Undisturbed grift for all involved.,opinion_argument,Strong claim with reasoning
"My experience is that the sympathy and animosity was purely performative. Most tech workers will readily drop all of their ideals for a fatter paycheck. And don't even get me started on all the leftist friends i have in the tech circle that have been profiting off the rise of stock prices from palantir, tesla, spacex and many more similar companies (non-trivial example: rheinmetall).",opinion_argument,Difficult: personal experience supports broader argument.
"> If you care about not being a sharecropper on Sam's or Dario's plantation Couldn't have put it better myself. That's what all this comes down to. Owning the hardware, owning the inference. Not perpetually renting them out on a meter like in the dystopian future they're envisioning.",opinion_argument,Argument about hardware/control
"> I honestly don’t get why anyone would give up their mental health like that and work for such places. Mostly for money, of course. And all the attendant improvements that can bring to one's life. Some people need it more than others, e.g. a H1B worker who is attempting to pull a whole family out of poverty. I bet many go in thinking they will do it temporarily, until they pay their college debt, to give one example. But money is very addictive.",opinion_argument,Reasoned social/economic argument
That’s a bad example. Detroit isn’t an example of over building it’s an example of eroding the demand across the entire economy by outsourcing jobs. There is a big difference between a city with full employment with a robust consumer base that happens to have a ton of housing hit the market and one that has it’s entire bedrock industry carved into pieces over several generations. If you want a valid example look at Austin Texas or Japan. Housing inventory growth in a robust economy leads to….wait for it….rent decreases.,opinion_argument,Detailed economic argument
"> mon and pop situation renting out a spare unit > small landlord Those are effectively synonymous to me. The line in the sand that definitively makes you not a small time landlord is if you earn enough from rental income after expenses to make as much as the average job's income. If you disagree I will need you to define what ""small time landlord"" means to you then so we can figure out the gap in our understanding.",opinion_argument,Definition-based argument
Wouldn't 20% tax on rent just lead to 25% general increase on rents? I don't think there are that much margin around in leveraged landlords. Really better would be just to bump something like income tax and use money from there for same purpose.,opinion_argument,
"Dialogue isn't supposed to run on flippant remarks. Also, you're not qualified to have an opinion on the matter. Dunning-Kruger effect is extra strong when it comes to the holy matter of sociopaths making money in places like these.",opinion_argument,
"> This would be a great point if I had introduced either the NFT/crypto comparison OR the ""existential threat"" parameters, but if you read through the thread, you introduced both. To quote you, ten minutes before: > that the apocalypse is coming and your jobs are gone and everything is going to be shitty because a bunch of ultra rich midwits want even more money and there's nothing you can do to stop it. It's a fair description of your stance. And, full of sound and fury, signifying nothing.",opinion_argument,
"> We've tried free housing before - it suffered tragedy of the commons. Not paying means no ownership means subjugation to the worst actions of the worst members of society We tried cramming people from generational poverty into one place and it didn't go super great, therefore public housing as a concept must be the failure, and not our hilariously bad implementation? Singapore, Austria, Finland, and even a number of mixed income public housing projects in the US have actually done quite well. The narrative that it's all inevitably going to turn into the worst examples is pretty worn out. > The bigger problem is the bid up of asset prices - aka private equity and class warfare. This is definitely true: housing can either be affordable or it can be a safe investment, never both. Really private equity moving in on the safe investment is a symptom of the problem: regulatory capture by the landed gentry resulting in strangulation of production which benefits a small group at the expense of the greater public.",opinion_argument,
That’s awesome. When I was growing up my parents were denied housing because they had too many kids and were almost homeless one time until a nice landlord of the same religion agreed to rent to us. Please take your responsibility seriously as it seems you do. That being said there are “professional” tenants that try to scam the system to the detriment of landlords and other tenants. I would fully applaud resistance to their efforts to take advantage of the system.,personal_experience,Personal family housing experience
"Remember, everyone else's job is simple and pointless, only your job is difficult and important. Therefore only your job could possibly need abstractions. Everyone else is just over engineering.",opinion_argument,
"One, we vote for it, and there's far more renters out there than owners. Sorry. Two, there are many ""free protections"" that are taken for granted at our stage of civilizational development. Should fire departments be privatized? Police? I'd argue that housing security is even more important than those. We bear the costs together so that our lives are collectively better. Three, your entire framing is kind of bananas. Rent control is neither insurance nor expensive, but a cap on landlord profits. If anything, it's unbounded profiteering of basic necessities that's actually ""expensive.""",opinion_argument,
I honestly don’t get why anyone would give up their mental health like that and work for such places. In my reality there are plenty of honest and decent places to work at. I’m seen dark places yes but only as visitor - why would I want to be in hell for more than a day or two.,opinion_argument,
I expect he’ll be justified and vindicated in history if we end up in a global totalitarian prison planet scenario that seems to become more possible as the tech reaches that capability. “For the safety of the children” ofcourse.,opinion_argument,
"1. That's not what ad hominem means. You can legitimately criticize people for their actions. All I see here are people saying his actions are wrong and incongruous with fact-based science. 2. There's nothing whatsoever wrong about asking questions. It becomes wrong when refusing to listen to the answers and dismissing all the ones you don't like because you don't like the person saying them. Ironically, that's ad hominem.",opinion_argument,
"Not exclusive, but in general its a bad idea to post on social media if you plan to take it up in court, as its very easy to accidentally say something that shoots yourself in the foot.",opinion_argument,
"Why does that seem important? The “in mice” one makes sense (such results might not be the same in humans), but is there a reason to think that results achieved here in England couldn’t happen elsewhere?",opinion_argument,
"> If they diverge This is the key, if they are very similar but used by different consumers the chance that they will diverge in the future is very high. And once they do they will break the abstraction.",opinion_argument,
at this point I might just try Neuralwatt and see how much request I can get with GLM5.2. I've read a lot of reviews that its very cheap to run using Neuralwatt cloud,opinion_argument,
"Why use EU specifically? I get not trusting the US, of course, but surely the EU isn't far behind in its desire to spy on its own citizens. Do you not live there?",opinion_argument,
"He's one of the chief hallucinators, show some respect.",low_substance_reaction,Short sarcastic reaction
Next step would be to cut the cells too.,low_substance_reaction,Short sarcastic reaction
So $90-$185 US? I can see why they’re unconcerned this will slow the rate.,low_substance_reaction,User confirmed label
"On device recording, so at least the illusion of privacy.",low_substance_reaction,Short cynical reaction
I guess this kind of crackpot release is now par since it’s the US govt propagating it.,low_substance_reaction,Dismissive reaction
> What would happen if the owner was armed Might as well talk about unicorns as we are imaging this scenario in Denmark.,low_substance_reaction,Sarcastic dismissal
"This is a fantastic outcome - lots of money and U.S citizenship! And your product didn't even hurt anyone unlike working for Meta, in fact no one even used it!",low_substance_reaction,Sarcastic reaction
"This is Denmark, nobody except gang members is armed",low_substance_reaction,
I think the gun proliferation situation in Denmark is probably different than the US,low_substance_reaction,
How do you call when someone repeatedly does the same thing expecting a different outcome each time?,low_substance_reaction,
"Of course, how else would I cycle between free accounts when my usage limit is up",low_substance_reaction,
"And how exactly do you ""force"" the deadbeat broke tenant that trashed your house to return it to its original condition?",low_substance_reaction,
"The guy constantly does crazy shit so sure, but this comes days after he announced he was stalking her children, so it’s very likely connected",low_substance_reaction,
What judgment? I literally wrote that they’re a nice person! “Money into a void” is the phrasing _they_ used!,low_substance_reaction,
> I'll pick my poison thanks and choose Chinese surveillance. Assuming they won’t trade or sell it back to the US or whoever?,low_substance_reaction,
"Even if it's in the contract, but can't be verified.",low_substance_reaction,
"Presumably if they had one they would have told him the charges, but I am not sure how the danish law works so perhaps my assumption is incorrect.",low_substance_reaction,
"Usually it is not a secret, but currently the prime minister and her family live at a secret address.",low_substance_reaction,
"Lars was a corrupt cop? Are you just using ""corrupt"" to mean ""someone I don't like""?",low_substance_reaction,
Except it's not free. It's free to you but not others.,low_substance_reaction,
"it's not enemy states, it's a reactionary attack from within.",low_substance_reaction,
Or TrustedRouter if you want privacy and open source,low_substance_reaction,
"It’s not the five minutes that I balk at, it’s entrusting a third party with all they need to steal my identity. But of course, they’ll never get hacked…",low_substance_reaction,
"firefox directly downloads it, i cant see what it is without downloading a file",low_substance_reaction,
Such short term issues from massive economic collapse suggests building more housing works.,low_substance_reaction,
"They really ought to fix that exploit, at the very least disable the functionality for the time being until they find a fix.",low_substance_reaction,
"Yes, and then what was their last sentence?",low_substance_reaction,
"Now, that’s a Commodore phone I can get behind.",low_substance_reaction,
I don't remember it ever finding anything. Similar to the find driver dialog (until Win10 or so).,low_substance_reaction,
"This is Denmark not America, there is literally no risk to their life.",low_substance_reaction,
> if it means you can convince shareholders and analysts that Opex will shrink in the future Isn't that just fraud?,low_substance_reaction,
"Learning intervals by quotation can work. ""Comet, it makes your teeth turn green"" starts with a descending third and is a very memorable song.",technews_explanation,Reviewed label correction
The problem arises when moving someone from payroll to consulting creates the illusion they are not necessary.,low_substance_reaction,
"Dunno about anthrax, but fully automated weapons are really easy to come by.",low_substance_reaction,
"If you’re enlisted (or even commissioned in most cases), you quite literally don’t get to quit.",low_substance_reaction,
"The website is really nicely designed, and the dithering on the images is quite beautiful.",low_substance_reaction,
"Not sure about that, you may be thinking of ""take a stab at it"".",low_substance_reaction,
Just because you disagree with someone does not make it ok to dox them.,low_substance_reaction,
The founders of palantir didn’t finish reading the books,low_substance_reaction,
Are these exclusive opportunities? I'm not familiar with danish law.,low_substance_reaction,
I assume more than a single camera or a moving camera with a very high shutter speed with fixed focus.,low_substance_reaction,
"How is the first one done? It seems like the cartons would fall faster than you could manually capture 2-3 images? (super cool all around, thanks for sharing)",low_substance_reaction,
"At the same time, i would presume if his arrest was this irregular and illegal he would be taking it to actual court instead ofthe court of public opinion.",low_substance_reaction,
Every day I doubt why I even bother reading this site. Then anovikov reminds me why. It's so I can keep on top of the creativity/depravity my fellow engineers are capable of.,opinion_argument,
"It’s hard to use too. I want foot traffic in there, as that’s going to be a huge portion of transport.",technews_explanation,
“Money into a void” is the exact phrase that the _person I’m replying to_ used when comparing themselves to a corporate landlord.,low_substance_reaction,
"Early SUVs were actually extremely unsafe, high wheel base made them more prone to tipping over (rollover), no crumple zones and similar safety measures because we'll just make it big instead, and so on. This is why newer SUVs have thicker A-pillars and other measures, because the earlier ones before safety regs were enforced were deathtraps.",opinion_argument,
"> Computer programming is still a black art. It's less than fifty years old, and nobody is very good at it yet. We can make better tools than we know how to use.",technews_explanation,Difficult: tech explanation vs opinion; final label follows technical/factual focus.
If you knew in advance which source of truth is important to isolate you don’t have this problem. The problem is not knowing which of the hundreds or thousands of potential truth sources is worth abstracting. The only real way of finding out is not abstracting them and seeing how it works out. If the problems in SWE boiled down to solve(f -> MagicallyNoProblemAnymore) we wouldn’t have this discussion.,opinion_argument,
"Latency wise, I am not noticing any difference (at least in ICMP). ycombinator@Mainframe:~$ ping 8.8.8.8 PING 8.8.8.8 (8.8.8.8) 56(84) bytes of data. 64 bytes from 8.8.8.8: icmp_seq=1 ttl=119 time=24.3 ms 64 bytes from 8.8.8.8: icmp_seq=2 ttl=119 time=24.1 ms 64 bytes from 8.8.8.8: icmp_seq=3 ttl=119 time=23.9 ms 64 bytes from 8.8.8.8: icmp_seq=4 ttl=119 time=23.9 ms ^C --------------- 8.8.8.8 ping statistics -------------------- 4 packets transmitted, 4 received, 0% packet loss, time 3004ms rtt min/avg/max/mdev = 23.901/24.053/24.291/0.157 ms ycombinator@Mainframe:~$ ping6 2001:4860:4860::8844 PING 2001:4860:4860::8844 (2001:4860:4860::8844) 56 data bytes 64 bytes from 2001:4860:4860::8844: icmp_seq=1 ttl=118 time=23.5 ms 64 bytes from 2001:4860:4860::8844: icmp_seq=2 ttl=118 time=24.0 ms 64 bytes from 2001:4860:4860::8844: icmp_seq=3 ttl=118 time=23.9 ms 64 bytes from 2001:4860:4860::8844: icmp_seq=4 ttl=118 time=24.0 ms ^C ------- 2001:4860:4860::8844 ping statistics ------------------- 4 packets transmitted, 4 received, 0% packet loss, time 3005ms rtt min/avg/max/mdev = 23.517/23.845/24.008/0.200 ms",technews_explanation,
"Well, that might be part of the reason why it's your old job and not your current one. :)",low_substance_reaction,
"With the reality-bending financial incentives that these people have, I simply do not trust your or anyone else's assessment of the genuineness of their beliefs. And anyway, it's quite ironic that from godless San Francisco of all places, we are supposed to simply accept that the harmful acts of religious extremists are justified because, well, they do believe in their cause.",opinion_argument,
"Tom Sawyer at one point was painting a fence and trying to get people to help him and nobody would. Until he started saying ""Oh I don't know, I'm not sure if I can let you help out"".",technews_explanation,
Comparatively tiny issues compared to US actions in the past several decades.,low_substance_reaction,
"They will obviously come back from that no questions about it. It’s like an abusive relationship that CA/EU can’t fully eject from, there will always be hope of conciliation because the benefits both ways are so massive and the relationships are so entrenched, it will take much more than DJT and Republicans/dark enlightenment technocrats to completely fracture these alliances.",opinion_argument,
"The thought has definitely crossed my mind. I don't think it's true because there's definitely an improvement when new models are released. Maybe the truth is the newest models aren't actually as impressive as we thought. Maybe our perception of progress is being manipulated via months of gradual, silent and unverifiable degradation.",technews_explanation,
">Surveillance for thee but not for me... Yeah, no thanks (or ""how the turn tables"")",low_substance_reaction,
"I love an ORM. I think much of the problems people experience with ORM, OOP, Restful routes, is because they get the domain model wrong. When you model the data correctly you don’t need to have complex queries that push ORM beyond their breaking point.",opinion_argument,
"I probably will never pay to Sakana, as they are involved in military contracts. https://japannews.yomiuri.co.jp/politics/defense-security/20...",technews_explanation,
"> Why isn't it automated yet? You delay your rent and your door key stops working. 1) Because screw you, that's horrible and you shouldn't do it. 2) Because all these digital key systems are horrendously insecure and much more open to thieves and crackers than than a plain old door key anyway.",opinion_argument,
"Yes, I wrote a forge skill to do this via a/b testing and third agent to judge the result. https://github.com/bjcoombs/ai-native-toolkit/blob/main/skil... It hardens a skill through judge-panel refinement rounds, it’s a quality gate that runs after authoring, not an authoring tool.",technews_explanation,
"In what paradise do you live in? On average, people are equally unhappy. Why do you think there’s a saying that ‘money doesn’t buy happiness’? You could be rich, you could be poor, you could be healthy, you could be a cripple, you’ll still feel meh, on average, about the whole life business. Happiness is an extreme, like sadness is another. You dip into those states for a bit, the homeostasis returns you to the middle. Now, we could discuss if anyone is content or not. The West sells happiness, the East tried to teach contentment. They are very different things.",opinion_argument,
The archetype of the whining activist. Getting himself in idiotic trouble so he could benefit from the status of a victim and ensuing drama,technews_explanation,
"“As an example, the question “When did we replace our pool pump?” will be mapped to a category called “pool” before querying the Index database.” Cool write up! Really appreciate it but incidentally how does this categorization help you get better retrieval results?",opinion_argument,
"He can report the incident to digital crimes unit who can subpoena HN/YC for identity of the poster, and then they can take it from there. There is always something you can do — whether you are going to bother is an altogether a different matter.",opinion_argument,Reviewed label correction
"It can’t be provide for free, that’s the point. Mitigating risks has costs that you are ignoring. Those costs aren’t cheap and someone has to pay for them.",opinion_argument,
You're seeing the next version of this - cooked up by the smartest public policy people - fail in real time. That's what this article is about. 89% of these projects are - in fact - doing well. But that number is decreasing. The net result is less supply of public housing in one of the richest states in the entire world. I'm not sure what your proposal is?,technews_explanation,
"What image generation models cannot replicate is the personal experience of the people who make art. I'll give you an example. One of the most talented designers I employ is a nature lover and a bird-watcher. She has a unique mental profile, as well, in that she's synaesthetic between colors, letters and shapes. In other words, she has a unique neurological structure, coupled with high artistic talent, and an interest in a very particular realm of science. What makes her design worth $150/hr is not just that her execution is often flawless. It's that you would not, and could not, think of a prompt which would make an AI model produce a new piece akin to anything she would think of in her process of thinking about what to draw. Could you have it replicate something she did? Obviously. But that means what you're doing is in the long tail, and in terms of quality and originality, is by definition somewhere in the mediocre. And that's probably fine, for whatever you're doing. But an AI with any kind of prompt would not come up with a Studio Ghibli clone, if Studio Ghibli hadn't existed. So you shouldn't imagine that you are actually getting any original output out of an LLM, regardless of how cleverly you design your prompts. But moreover, don't flatter yourself to think that you have the ideas to feed to a prompt which would generate truly original content and break free of the shackles imposed by its training. That is an illusion. Very few people have the propensity for generating new visual ideas, and that's why they're still in high demand. But their originality stems from their unique and impossible to replicate experience as individuals who have their own visual/mental map of the world.",opinion_argument,
"Why wait for IPO? Prediction markets already let non-US persons bet on startup stock prices while the startup is still private. Eg a few weeks ago you could have used a non-US VPN, shorted spacex, and lost all your money :)",technews_explanation,
"To echo roryirvine, I don't think there's any plot. I do think that these moguls are genuinely, virulently racist and jump at the chance to propagate their toxic politics as widely as possible.",opinion_argument,
"> I don’t know what you mean by “so much effort”. This is a pretty long blog post covering really not very much. > The te/ta-form is genuinely a separate system linguistically with its own heritage. So it makes sense to look at it separately. I don’t consider it more “interesting” and I’d argue getting the details right with other forms is much more useful coverage-wise. It's not just te/ta, you don't mention anything other than the basic polite/casual, positive/negative, and desiderative. At the very end you point to conditional and causative but say you haven't studied them, and no mention at all of passive, imperative, causative passive, or volitional. > I agree you need to put time to practice and all that. But if there’s a genuinely simple system underneath, I always prefer to see it. And how's that working out for you? > There’s literally thousands of resources that teach it your preferred way, so I don’t understand the impulse to complain about someone teaching it differently for a change. I find it very presumptive to propose to ""teach"" what you haven't really learnt. How many people have successfully become remotely close to fluent following this approach? It's 0, right? What makes you think you're ""teaching"" rather than leading people astray?",technews_explanation,
"What's ""exponential"" about AI development? Model parameter counts? Anthropic doesn't publish those for their own models, last I checked. Datacenter buildouts? Water consumption per request? There just isn't enough evidence that AI smarts is growing all that much, once you account for the scaling of inputs. That's what OP probably means by ""nonsensical hype"".",opinion_argument,
"If you JUST updated it, have Claude re-read it, this was the biggest thing for me. If you just created it, same thing. Even though Claude created the file, it has not read it in whatever special way Claude will read that file, which is silly, but once you realize this, and have Claude read it, it makes a difference. It will always load it from a new session, but if it changes or doesn't exist when you start a session it will be stale or empty.",technews_explanation,
"If leads to building that floods the system with supply then rent won’t increase. Landlords and lenders would have to adjust purchase prices and cap rates so valuations would come down. So this would need be gradually phased in until normal. The government would need to support home builders, buyers and landlords. But eventually the housing stock supply increase would match and be tied to new household formation. At the end of the day most economic activity is really an exercise in ratios. Some states don’t charge sales taxes. Some change double digits. Yet retailers are able to function in both environments. What is clear is that rental and purchase housing is increasing beyond inflation since 2008 and COVID and that’s not good for tenants or landlords.",opinion_argument,
"Dear @HerbManic. I know it's difficult but keep going, I know you will. Be strong, I send you my best vibes and hope that you get some good news on that relatively soon. I truly wish you the best, I'm sure you'll be phenomenal parents.",opinion_argument,
"> values that people in the US might care about (freedom of speech, limited govt, etc). The US federal government forced Paramount to take Colbert off the air. Seems that people in the US don’t actually value these things. > What values specifically are you optimizing for here? Probably not being fascist.",technews_explanation,
"> but I think you've drunk a bit too much of your own kool-aid That (rather judge-y) part negates the ""nice"" part your started out with. I don't think OP ""drank too much of his own kool-aid"", he simply listed all the nice things he does for his tenants, which are great and well beyond what you could expect from an unrelated party in a contract for a service.",technews_explanation,
"With all the issues in the US and generally wrong direction, I can’t remember them ever arresting people for mean tweets in the way that Germany and the UK have. They all seem to be running full speed towards a surveillance state.",opinion_argument,
"The amount the HN community, at least from what I’ve seen, is sleeping on OpenCode Go (and zen) is kind of amazing. $10 a month gets you generous usage with the best open weight models and they claim to have zero retention and not to train on your usage. It’s unclear to me what the advantages of openrouter are but it seems to be a default I see many people talking about here.",technews_explanation,
"Its a reasonable extension. At some point if you discover that you are aiding or abetting the harm of others you have to ask yourself what kind of person you are. That said, I get that ""but I need a job!"" is a powerful thing and it takes someone with a strong sense of personal integrity to leave. A good friend of mine quit their game developer gig because the product manager and management were more interested in addictive behaviors and reselling eyeballs than they were in game development. But they also knew that was probably the last paying gig they were going to have in the 'games' business because it had gone from people making great games, to things on a phone/browser pulling you down. So yeah, it is going to test you and you might come up short. I don't judge people who stay when they know, but I do grieve for the damage they do to their souls when they see themselves as someone they no longer recognize.",opinion_argument,
I think some context is being lost in a literal translation. I think they mean secret as in unlisted where their records aren't accessible in public government databases. The same protection you would get if you were stalked for example.,technews_explanation,
"Interesting perspective, thanks for sharing. I don’t know where either road (America’s approach vs China’s) will lead. I do think suppressing desires in a society is likely to lead unhealthy outcomes, but perhaps there’s a balance.",opinion_argument,
"> you could elaborate on the claims that be was a corrupt police officer and drug dealer. This is public record. It’s entirely published he’s charged and received a prison sentence for the crime, the investigation into corruption started but needed early when he handed in his resignation. which is just proof that he was a corrupt cop in a corrupt system. I mean no drug dealer who gets charged is going to get off by going “ok I’ll quit then”. > My understanding of his own account is that he left the force when he wasn't comfortable arresting people over weed This flips the script. He public made statements that he would carry drugs on the job, and felt I’d should be legal, and that he wouldn’t enforce the drug law. The investigation that followed he handed in his resignation. And the corrupt Danish police force being what it is, dropped the investigation. His “activism” has since consisted of amongst other things starting to sell drugs and then claiming that its activism when he got charged with prison for it. To be clear, he didn’t stage the public sale of a symbolic amount to get arrested and protest through civil disobedience. He straight up went breaking bad and started a drug peddling operation.",opinion_argument,
